{"v":"5.7.11","fr":29.9700012207031,"ip":0,"op":65.0000026475043,"w":200,"h":200,"nm":"tải xuống","ddd":0,"assets":[{"id":"image_0","w":200,"h":200,"u":"images/","p":"img_0.png","e":0},{"id":"image_1","w":292,"h":292,"u":"images/","p":"img_1.png","e":0}],"layers":[{"ddd":0,"ind":1,"ty":2,"nm":"tải xuống.png","cl":"png","refId":"image_0","sr":1,"ks":{"o":{"a":0,"k":100,"ix":11},"r":{"a":1,"k":[{"i":{"x":[0.833],"y":[0.833]},"o":{"x":[0.167],"y":[0.167]},"t":0,"s":[0]},{"i":{"x":[0.833],"y":[0.833]},"o":{"x":[0.167],"y":[0.167]},"t":16,"s":[90]},{"i":{"x":[0.833],"y":[0.833]},"o":{"x":[0.167],"y":[0.167]},"t":33,"s":[180]},{"i":{"x":[0.833],"y":[0.833]},"o":{"x":[0.167],"y":[0.167]},"t":50,"s":[270]},{"t":67.0000027289659,"s":[360]}],"ix":10},"p":{"a":0,"k":[100,100,0],"ix":2,"l":2},"a":{"a":0,"k":[100,100,0],"ix":1,"l":2},"s":{"a":0,"k":[100,100,100],"ix":6,"l":2}},"ao":0,"ip":0,"op":899.000036617021,"st":0,"bm":0},{"ddd":0,"ind":2,"ty":2,"nm":"logo-bas.png","cl":"png","refId":"image_1","sr":1,"ks":{"o":{"a":0,"k":100,"ix":11},"r":{"a":0,"k":0,"ix":10},"p":{"a":0,"k":[100,100,0],"ix":2,"l":2},"a":{"a":0,"k":[146,146,0],"ix":1,"l":2},"s":{"a":0,"k":[28.767,28.767,100],"ix":6,"l":2}},"ao":0,"ip":0,"op":899.000036617021,"st":0,"bm":0}],"markers":[]}